email,passwd,name,status,dated
r.a.v.e.n.r.e.d.s.t.a.i.n@gmail.com,%A&U$gn=7L,Nick Bocker,500-949,Mon Mar  1 00:36:10 2021
r.a.v.e.n.r.e.d.s.t.ai.n@gmail.com,%A&U$gn=7L,Barb Ackue,949-1398,Mon Mar  1 01:16:07 2021
r.a.v.e.n.r.e.d.s.ta.in@gmail.com,%A&U$gn=7L,Buck Kinnear,1398-1847,Mon Mar  1 00:36:16 2021
r.a.v.e.n.r.e.d.s.ta.i.n@gmail.com,%A&U$gn=7L,Greta Life,1847-1901,Mon Mar  1 00:36:14 2021
r.a.v.e.n.r.e.d.s.tai.n@gmail.com,%A&U$gn=7L,Ira Membrit,not used,-
r.a.v.e.n.r.e.d.st.ain@gmail.com,%A&U$gn=7L,Shonda Leer,not used,-
r.a.v.e.n.r.e.d.st.a.in@gmail.com,%A&U$gn=7L,Brock Lee,not used,-
r.a.v.e.n.r.e.d.st.a.i.n@gmail.com,%A&U$gn=7L,Maya Didas,not used,-
r.a.v.e.n.r.e.d.st.ai.n@gmail.com,%A&U$gn=7L,Rick Shea,not used,-
r.a.v.e.n.r.e.d.sta.in@gmail.com,%A&U$gn=7L,Pete Sariya,not used,-
r.a.v.e.n.r.e.d.sta.i.n@gmail.com,%A&U$gn=7L,Monty Carlo,not used,-
r.a.v.e.n.r.e.d.stai.n@gmail.com,%A&U$gn=7L,Sal Monella,not used,-
r.a.v.e.n.r.e.ds.tain@gmail.com,%A&U$gn=7L,Sue Vaneer,not used,-
r.a.v.e.n.r.e.ds.t.ain@gmail.com,%A&U$gn=7L,Cliff Hanger,not used,-
r.a.v.e.n.r.e.ds.t.a.in@gmail.com,%A&U$gn=7L,Barb Dwyer,not used,-
r.a.v.e.n.r.e.ds.t.a.i.n@gmail.com,%A&U$gn=7L,Terry Aki,not used,-
r.a.v.e.n.r.e.ds.t.ai.n@gmail.com,%A&U$gn=7L,Cory Ander,not used,-
r.a.v.e.n.r.e.ds.ta.in@gmail.com,%A&U$gn=7L,Robin Banks,not used,-
r.a.v.e.n.r.e.ds.ta.i.n@gmail.com,%A&U$gn=7L,Jimmy Changa,not used,-
r.a.v.e.n.r.e.ds.tai.n@gmail.com,%A&U$gn=7L,Barry Wine,not used,-
r.a.v.e.n.r.e.dst.ain@gmail.com,%A&U$gn=7L,Wilma Mumduya,not used,-
r.a.v.e.n.r.e.dst.a.in@gmail.com,%A&U$gn=7L,Buster Hyman,not used,-
r.a.v.e.n.r.e.dst.a.i.n@gmail.com,%A&U$gn=7L,Poppa Cherry,not used,-
r.a.v.e.n.r.e.dst.ai.n@gmail.com,%A&U$gn=7L,Zack Lee,not used,-
r.a.v.e.n.r.e.dsta.in@gmail.com,%A&U$gn=7L,Don Stairs,not used,-
r.a.v.e.n.r.e.dsta.i.n@gmail.com,%A&U$gn=7L,Saul TBalls,not used,-
r.a.v.e.n.r.e.dstai.n@gmail.com,%A&U$gn=7L,Peter Pants,not used,-
r.a.v.e.n.r.ed.stain@gmail.com,%A&U$gn=7L,Hal Appeno,not used,-
r.a.v.e.n.r.ed.s.tain@gmail.com,%A&U$gn=7L,Otto Matic,not used,-
r.a.v.e.n.r.ed.s.t.ain@gmail.com,%A&U$gn=7L,Moe Fugga,not used,-
r.a.v.e.n.r.ed.s.t.a.in@gmail.com,%A&U$gn=7L,Graham Cracker,not used,-
r.a.v.e.n.r.ed.s.t.a.i.n@gmail.com,%A&U$gn=7L,Tom Foolery,not used,-
r.a.v.e.n.r.ed.s.t.ai.n@gmail.com,%A&U$gn=7L,Al Dente,not used,-
r.a.v.e.n.r.ed.s.ta.in@gmail.com,%A&U$gn=7L,Bud Wiser,not used,-
r.a.v.e.n.r.ed.s.ta.i.n@gmail.com,%A&U$gn=7L,Polly Tech,not used,-
r.a.v.e.n.r.ed.s.tai.n@gmail.com,%A&U$gn=7L,Holly Graham,not used,-
r.a.v.e.n.r.ed.st.ain@gmail.com,%A&U$gn=7L,Frank NStein,not used,-
r.a.v.e.n.r.ed.st.a.in@gmail.com,%A&U$gn=7L,Cam LToe,not used,-
r.a.v.e.n.r.ed.st.a.i.n@gmail.com,%A&U$gn=7L,Pat Agonia,not used,-
r.a.v.e.n.r.ed.st.ai.n@gmail.com,%A&U$gn=7L,Tara Zona,not used,-
r.a.v.e.n.r.ed.sta.in@gmail.com,%A&U$gn=7L,Barry Cade,not used,-
r.a.v.e.n.r.ed.sta.i.n@gmail.com,%A&U$gn=7L,Phil Anthropist,not used,-
r.a.v.e.n.r.ed.stai.n@gmail.com,%A&U$gn=7L,Marvin Gardens,not used,-
r.a.v.e.n.r.eds.tain@gmail.com,%A&U$gn=7L,Phil Harmonic,not used,-
r.a.v.e.n.r.eds.t.ain@gmail.com,%A&U$gn=7L,Arty Ficial,not used,-
r.a.v.e.n.r.eds.t.a.in@gmail.com,%A&U$gn=7L,Will Power,not used,-
r.a.v.e.n.r.eds.t.a.i.n@gmail.com,%A&U$gn=7L,Donatella Nobatti,not used,-
r.a.v.e.n.r.eds.t.ai.n@gmail.com,%A&U$gn=7L,Juan Annatoo,not used,-
r.a.v.e.n.r.eds.ta.in@gmail.com,%A&U$gn=7L,Stew Gots,not used,-
r.a.v.e.n.r.eds.ta.i.n@gmail.com,%A&U$gn=7L,Anna Rexia,not used,-
r.a.v.e.n.r.eds.tai.n@gmail.com,%A&U$gn=7L,Bill Emia,not used,-
r.a.v.e.n.r.edst.ain@gmail.com,%A&U$gn=7L,Curt NCall,not used,-
r.a.v.e.n.r.edst.a.in@gmail.com,%A&U$gn=7L,Max Emum,not used,-
r.a.v.e.n.r.edst.a.i.n@gmail.com,%A&U$gn=7L,Minnie Mum,not used,-
r.a.v.e.n.r.edst.ai.n@gmail.com,%A&U$gn=7L,Bill Yerds,not used,-
r.a.v.e.n.r.edsta.in@gmail.com,%A&U$gn=7L,Hap EBirthday,not used,-
r.a.v.e.n.r.edsta.i.n@gmail.com,%A&U$gn=7L,Matt Innae,not used,-
r.a.v.e.n.r.edstai.n@gmail.com,%A&U$gn=7L,Polly Science,not used,-
r.a.v.e.n.re.dstain@gmail.com,%A&U$gn=7L,Tara Misu,not used,-
r.a.v.e.n.re.d.stain@gmail.com,%A&U$gn=7L,Ed UCation,not used,-
r.a.v.e.n.re.d.s.tain@gmail.com,%A&U$gn=7L,Gerry Atric,not used,-
r.a.v.e.n.re.d.s.t.ain@gmail.com,%A&U$gn=7L,Kerry Oaky,not used,-
r.a.v.e.n.re.d.s.t.a.in@gmail.com,%A&U$gn=7L,Midge Itz,not used,-
r.a.v.e.n.re.d.s.t.a.i.n@gmail.com,%A&U$gn=7L,Gabe Lackmen,not used,-
r.a.v.e.n.re.d.s.t.ai.n@gmail.com,%A&U$gn=7L,Mary Christmas,not used,-
r.a.v.e.n.re.d.s.ta.in@gmail.com,%A&U$gn=7L,Dan Druff,not used,-
r.a.v.e.n.re.d.s.ta.i.n@gmail.com,%A&U$gn=7L,Jim Nasium,not used,-
r.a.v.e.n.re.d.s.tai.n@gmail.com,%A&U$gn=7L,Angie OPlasty,not used,-
r.a.v.e.n.re.d.st.ain@gmail.com,%A&U$gn=7L,Ella Vator,not used,-
r.a.v.e.n.re.d.st.a.in@gmail.com,%A&U$gn=7L,Sal Vidge,not used,-
r.a.v.e.n.re.d.st.a.i.n@gmail.com,%A&U$gn=7L,Bart Ender,not used,-
r.a.v.e.n.re.d.st.ai.n@gmail.com,%A&U$gn=7L,Artie Choke,not used,-
r.a.v.e.n.re.d.sta.in@gmail.com,%A&U$gn=7L,Hans Olo,not used,-
r.a.v.e.n.re.d.sta.i.n@gmail.com,%A&U$gn=7L,Marge Arin,not used,-
r.a.v.e.n.re.d.stai.n@gmail.com,%A&U$gn=7L,Hugh Briss,not used,-
r.a.v.e.n.re.ds.tain@gmail.com,%A&U$gn=7L,Gene Poole,not used,-
r.a.v.e.n.re.ds.t.ain@gmail.com,%A&U$gn=7L,Ty Tanic,not used,-
r.a.v.e.n.re.ds.t.a.in@gmail.com,%A&U$gn=7L,Manuel Labor,not used,-
r.a.v.e.n.re.ds.t.a.i.n@gmail.com,%A&U$gn=7L,Lynn Guini,not used,-
r.a.v.e.n.re.ds.t.ai.n@gmail.com,%A&U$gn=7L,Claire Voyant,not used,-
r.a.v.e.n.re.ds.ta.in@gmail.com,%A&U$gn=7L,Peg Leg,not used,-
r.a.v.e.n.re.ds.ta.i.n@gmail.com,%A&U$gn=7L,Jack ESack,not used,-
r.a.v.e.n.re.ds.tai.n@gmail.com,%A&U$gn=7L,Marty Graw,not used,-
r.a.v.e.n.re.dst.ain@gmail.com,%A&U$gn=7L,Ash Wednesday,not used,-
r.a.v.e.n.re.dst.a.in@gmail.com,%A&U$gn=7L,Olive Yu,not used,-
r.a.v.e.n.re.dst.a.i.n@gmail.com,%A&U$gn=7L,Gene Jacket,not used,-
r.a.v.e.n.re.dst.ai.n@gmail.com,%A&U$gn=7L,Tom Atoe,not used,-
r.a.v.e.n.re.dsta.in@gmail.com,%A&U$gn=7L,Doug Out,not used,-
r.a.v.e.n.re.dsta.i.n@gmail.com,%A&U$gn=7L,Sharon Needles,not used,-
r.a.v.e.n.re.dstai.n@gmail.com,%A&U$gn=7L,Beau Tie,not used,-
r.a.v.e.n.red.stain@gmail.com,%A&U$gn=7L,Serj Protector,not used,-
r.a.v.e.n.red.s.tain@gmail.com,%A&U$gn=7L,Marcus Down,not used,-
r.a.v.e.n.red.s.t.ain@gmail.com,%A&U$gn=7L,Warren Peace,not used,-
r.a.v.e.n.red.s.t.a.in@gmail.com,%A&U$gn=7L,Bud Jet,not used,-
r.a.v.e.n.red.s.t.a.i.n@gmail.com,%A&U$gn=7L,Barney Cull,not used,-
r.a.v.e.n.red.s.t.ai.n@gmail.com,%A&U$gn=7L,Marion Gaze,not used,-
r.a.v.e.n.red.s.ta.in@gmail.com,%A&U$gn=7L,Eric Shun,not used,-
r.a.v.e.n.red.s.ta.i.n@gmail.com,%A&U$gn=7L,Mal Practice,not used,-
r.a.v.e.n.red.s.tai.n@gmail.com,%A&U$gn=7L,Ed Itorial,not used,-
r.a.v.e.n.red.st.ain@gmail.com,%A&U$gn=7L,Rick Shaw,not used,-
r.a.v.e.n.red.st.a.in@gmail.com,%A&U$gn=7L,Paul Issy,not used,-
r.a.v.e.n.red.st.a.i.n@gmail.com,%A&U$gn=7L,Ben Effit,not used,-
r.a.v.e.n.red.st.ai.n@gmail.com,%A&U$gn=7L,Kat EGory,not used,-
r.a.v.e.n.red.sta.in@gmail.com,%A&U$gn=7L,Justin Case,not used,-
r.a.v.e.n.red.sta.i.n@gmail.com,%A&U$gn=7L,Louie ZAna,not used,-
r.a.v.e.n.red.stai.n@gmail.com,%A&U$gn=7L,Aaron Ottix,not used,-
r.a.v.e.n.reds.tain@gmail.com,%A&U$gn=7L,Ty Ballgame,not used,-
r.a.v.e.n.reds.t.ain@gmail.com,%A&U$gn=7L,Anne Fibbiyon,not used,-
r.a.v.e.n.reds.t.a.in@gmail.com,%A&U$gn=7L,Barry Cuda,not used,-
r.a.v.e.n.reds.t.a.i.n@gmail.com,%A&U$gn=7L,John Withawind,not used,-
r.a.v.e.n.reds.t.ai.n@gmail.com,%A&U$gn=7L,Joe Thyme,not used,-
r.a.v.e.n.reds.ta.in@gmail.com,%A&U$gn=7L,Mary Goround,not used,-
r.a.v.e.n.reds.ta.i.n@gmail.com,%A&U$gn=7L,Marge Arita,not used,-
r.a.v.e.n.reds.tai.n@gmail.com,%A&U$gn=7L,Frank Senbeans,not used,-
r.a.v.e.n.redst.ain@gmail.com,%A&U$gn=7L,Bill Dabear,not used,-
r.a.v.e.n.redst.a.in@gmail.com,%A&U$gn=7L,Ray Zindaroof,not used,-
r.a.v.e.n.redst.a.i.n@gmail.com,%A&U$gn=7L,Adam Zapple,not used,-
r.a.v.e.n.redst.ai.n@gmail.com,%A&U$gn=7L,Lewis NClark,not used,-
r.a.v.e.n.redsta.in@gmail.com,%A&U$gn=7L,Matt Schtick,not used,-
r.a.v.e.n.redsta.i.n@gmail.com,%A&U$gn=7L,Sue Shee,not used,-
r.a.v.e.n.redstai.n@gmail.com,%A&U$gn=7L,Chris PBacon,not used,-
r.a.v.e.nr.edstain@gmail.com,%A&U$gn=7L,Doug LeeDuckling,not used,-
r.a.v.e.nr.e.dstain@gmail.com,%A&U$gn=7L,Mason Protesters,not used,-
r.a.v.e.nr.e.d.stain@gmail.com,%A&U$gn=7L,Sil Antro,not used,-
r.a.v.e.nr.e.d.s.tain@gmail.com,%A&U$gn=7L,Cal Orie,not used,-
r.a.v.e.nr.e.d.s.t.ain@gmail.com,%A&U$gn=7L,Sara Bellum,not used,-
r.a.v.e.nr.e.d.s.t.a.in@gmail.com,%A&U$gn=7L,Al Acart,not used,-
r.a.v.e.nr.e.d.s.t.a.i.n@gmail.com,%A&U$gn=7L,Marv Ellis,not used,-
r.a.v.e.nr.e.d.s.t.ai.n@gmail.com,%A&U$gn=7L,Evan Shlee,not used,-
r.a.v.e.nr.e.d.s.ta.in@gmail.com,%A&U$gn=7L,Terry Bull,not used,-
r.a.v.e.nr.e.d.s.ta.i.n@gmail.com,%A&U$gn=7L,Mort Ission,not used,-
r.a.v.e.nr.e.d.s.tai.n@gmail.com,%A&U$gn=7L,Mark Ette,not used,-
r.a.v.e.nr.e.d.st.ain@gmail.com,%A&U$gn=7L,Ken Tucky,not used,-
r.a.v.e.nr.e.d.st.a.in@gmail.com,%A&U$gn=7L,Louis Ville,not used,-
r.a.v.e.nr.e.d.st.a.i.n@gmail.com,%A&U$gn=7L,Colin Oscopy,not used,-
r.a.v.e.nr.e.d.st.ai.n@gmail.com,%A&U$gn=7L,Fred Attchini,not used,-
r.a.v.e.nr.e.d.sta.in@gmail.com,%A&U$gn=7L,Al Fredo,not used,-
r.a.v.e.nr.e.d.sta.i.n@gmail.com,%A&U$gn=7L,Penny Tration,not used,-
r.a.v.e.nr.e.d.stai.n@gmail.com,%A&U$gn=7L,Reed Iculous,not used,-
r.a.v.e.nr.e.ds.tain@gmail.com,%A&U$gn=7L,Chip Zinsalsa,not used,-
r.a.v.e.nr.e.ds.t.ain@gmail.com,%A&U$gn=7L,Matt Uhrafact,not used,-
r.a.v.e.nr.e.ds.t.a.in@gmail.com,%A&U$gn=7L,Jack Dup,not used,-
r.a.v.e.nr.e.ds.t.a.i.n@gmail.com,%A&U$gn=7L,Mike Roscope,not used,-
r.a.v.e.nr.e.ds.t.ai.n@gmail.com,%A&U$gn=7L,Lou Sinclark,not used,-
r.a.v.e.nr.e.ds.ta.in@gmail.com,%A&U$gn=7L,Faye Daway,not used,-
r.a.v.e.nr.e.ds.ta.i.n@gmail.com,%A&U$gn=7L,Javy Cado,not used,-
r.a.v.e.nr.e.ds.tai.n@gmail.com,%A&U$gn=7L,Tom Ollie,not used,-
r.a.v.e.nr.e.dst.ain@gmail.com,%A&U$gn=7L,Sam Buca,not used,-
r.a.v.e.nr.e.dst.a.in@gmail.com,%A&U$gn=7L,Phil Anderer,not used,-
r.a.v.e.nr.e.dst.a.i.n@gmail.com,%A&U$gn=7L,Sam Owen,not used,-
r.a.v.e.nr.e.dst.ai.n@gmail.com,%A&U$gn=7L,Mary Achi,not used,-
r.a.v.e.nr.e.dsta.in@gmail.com,%A&U$gn=7L,Ray Cyst,not used,-
r.a.v.e.nr.e.dsta.i.n@gmail.com,%A&U$gn=7L,Curtis EFlush,not used,-
r.a.v.e.nr.e.dstai.n@gmail.com,%A&U$gn=7L,Holland Oats,not used,-
r.a.v.e.nr.ed.stain@gmail.com,%A&U$gn=7L,Helen Highwater,not used,-
r.a.v.e.nr.ed.s.tain@gmail.com,%A&U$gn=7L,Eddy Kitt,not used,-
r.a.v.e.nr.ed.s.t.ain@gmail.com,%A&U$gn=7L,Al Toesacks,not used,-
r.a.v.e.nr.ed.s.t.a.in@gmail.com,%A&U$gn=7L,Sir KimScision,not used,-
r.a.v.e.nr.ed.s.t.a.i.n@gmail.com,%A&U$gn=7L,Elle Bowdrop,not used,-
r.a.v.e.nr.ed.s.t.ai.n@gmail.com,%A&U$gn=7L,Yu Tube,not used,-
r.a.v.e.nr.ed.s.ta.in@gmail.com,%A&U$gn=7L,Ellis Dee,not used,-
r.a.v.e.nr.ed.s.ta.i.n@gmail.com,%A&U$gn=7L,Anna Lytics,not used,-
r.a.v.e.nr.ed.s.tai.n@gmail.com,%A&U$gn=7L,Sara Bellum,not used,-
r.a.v.e.nr.ed.st.ain@gmail.com,%A&U$gn=7L,Penny Trate,not used,-
r.a.v.e.nr.ed.st.a.in@gmail.com,%A&U$gn=7L,Phil Erup,not used,-
r.a.v.e.nr.ed.st.a.i.n@gmail.com,%A&U$gn=7L,Jenna Side,not used,-
r.a.v.e.nr.ed.st.ai.n@gmail.com,%A&U$gn=7L,Mary Nara,not used,-
r.a.v.e.nr.ed.sta.in@gmail.com,%A&U$gn=7L,Mick Donalds,not used,-
r.a.v.e.nr.ed.sta.i.n@gmail.com,%A&U$gn=7L,Amber Alert,not used,-
r.a.v.e.nr.ed.stai.n@gmail.com,%A&U$gn=7L,Vic Tory,not used,-
r.a.v.e.nr.eds.tain@gmail.com,%A&U$gn=7L,Bobby Pin,not used,-
r.a.v.e.nr.eds.t.ain@gmail.com,%A&U$gn=7L,Dom Inate,not used,-
r.a.v.e.nr.eds.t.a.in@gmail.com,%A&U$gn=7L,Hugh Miliation,not used,-
r.a.v.e.nr.eds.t.a.i.n@gmail.com,%A&U$gn=7L,Christian Mingle,not used,-
r.a.v.e.nr.eds.t.ai.n@gmail.com,%A&U$gn=7L,Juan Soponatime,not used,-
r.a.v.e.nr.eds.ta.in@gmail.com,%A&U$gn=7L,Dante Sinferno,not used,-
r.a.v.e.nr.eds.ta.i.n@gmail.com,%A&U$gn=7L,Ed Zupp,not used,-
r.a.v.e.nr.eds.tai.n@gmail.com,%A&U$gn=7L,Sarah Yevo,not used,-
r.a.v.e.nr.edst.ain@gmail.com,%A&U$gn=7L,Jess Thetip,not used,-
r.a.v.e.nr.edst.a.in@gmail.com,%A&U$gn=7L,Arthur Itis,not used,-
r.a.v.e.nr.edst.a.i.n@gmail.com,%A&U$gn=7L,Faye Sbook,not used,-
r.a.v.e.nr.edst.ai.n@gmail.com,%A&U$gn=7L,Carrie RPigeon,not used,-
r.a.v.e.nr.edsta.in@gmail.com,%A&U$gn=7L,Rachel Slurs,not used,-
r.a.v.e.nr.edsta.i.n@gmail.com,%A&U$gn=7L,Ty Pryder,not used,-
r.a.v.e.nr.edstai.n@gmail.com,%A&U$gn=7L,Cole Slaw,not used,-
r.a.v.e.nre.dstain@gmail.com,%A&U$gn=7L,Pat Ernity,not used,-
r.a.v.e.nre.d.stain@gmail.com,%A&U$gn=7L,Deb Utant,not used,-
r.a.v.e.nre.d.s.tain@gmail.com,%A&U$gn=7L,Luke Warm,not used,-
r.a.v.e.nre.d.s.t.ain@gmail.com,%A&U$gn=7L,Travis Tee,not used,-
r.a.v.e.nre.d.s.t.a.in@gmail.com,%A&U$gn=7L,Clara Fication,not used,-
r.a.v.e.nre.d.s.t.a.i.n@gmail.com,%A&U$gn=7L,Paul Itician,not used,-
r.a.v.e.nre.d.s.t.ai.n@gmail.com,%A&U$gn=7L,Deb Utant,not used,-
r.a.v.e.nre.d.s.ta.in@gmail.com,%A&U$gn=7L,Moe Thegrass,not used,-
r.a.v.e.nre.d.s.ta.i.n@gmail.com,%A&U$gn=7L,Carol Sell,not used,-
r.a.v.e.nre.d.s.tai.n@gmail.com,%A&U$gn=7L,Scott Schtape,not used,-
r.a.v.e.nre.d.st.ain@gmail.com,%A&U$gn=7L,Cody Pendant,not used,-
r.a.v.e.nre.d.st.a.in@gmail.com,%A&U$gn=7L,Frank Furter,not used,-
r.a.v.e.nre.d.st.a.i.n@gmail.com,%A&U$gn=7L,Barry Dalive,not used,-
r.a.v.e.nre.d.st.ai.n@gmail.com,%A&U$gn=7L,Mort Adella,not used,-
r.a.v.e.nre.d.sta.in@gmail.com,%A&U$gn=7L,Ray Diation,not used,-
r.a.v.e.nre.d.sta.i.n@gmail.com,%A&U$gn=7L,Mack Adamia,not used,-
r.a.v.e.nre.d.stai.n@gmail.com,%A&U$gn=7L,Farrah Moan,not used,-
r.a.v.e.nre.ds.tain@gmail.com,%A&U$gn=7L,Theo Retical,not used,-
r.a.v.e.nre.ds.t.ain@gmail.com,%A&U$gn=7L,Eda Torial,not used,-
r.a.v.e.nre.ds.t.a.in@gmail.com,%A&U$gn=7L,Mae ONayse,not used,-
r.a.v.e.nre.ds.t.a.i.n@gmail.com,%A&U$gn=7L,Bella Ruse,not used,-
r.a.v.e.nre.ds.t.ai.n@gmail.com,%A&U$gn=7L,Yuri thra,not used,-
r.a.v.e.nre.ds.ta.in@gmail.com,%A&U$gn=7L,Tucker Doubt,not used,-
r.a.v.e.nre.ds.ta.i.n@gmail.com,%A&U$gn=7L,Cara Larm,not used,-
r.a.v.e.nre.ds.tai.n@gmail.com,%A&U$gn=7L,Abel Body,not used,-
r.a.v.e.nre.dst.ain@gmail.com,%A&U$gn=7L,Sal Ami,not used,-
r.a.v.e.nre.dst.a.in@gmail.com,%A&U$gn=7L,Colin Derr,not used,-
r.a.v.e.nre.dst.a.i.n@gmail.com,%A&U$gn=7L,Cathy Derr,not used,-
r.a.v.e.nre.dst.ai.n@gmail.com,%A&U$gn=7L,Colin OScopy,not used,-
r.a.v.e.nre.dsta.in@gmail.com,%A&U$gn=7L,Mel Anoma,not used,-
r.a.v.e.nre.dsta.i.n@gmail.com,%A&U$gn=7L,Adam Up,not used,-
r.a.v.e.nre.dstai.n@gmail.com,%A&U$gn=7L,Lou Zing,not used,-
r.a.v.e.nred.stain@gmail.com,%A&U$gn=7L,Mark Key,not used,-
r.a.v.e.nred.s.tain@gmail.com,%A&U$gn=7L,Sven Gineer,not used,-
r.a.v.e.nred.s.t.ain@gmail.com,%A&U$gn=7L,Mick Rib,not used,-
r.a.v.e.nred.s.t.a.in@gmail.com,%A&U$gn=7L,Benny Ficial,not used,-
r.a.v.e.nred.s.t.a.i.n@gmail.com,%A&U$gn=7L,Genie Inabottle,not used,-
r.a.v.e.nred.s.t.ai.n@gmail.com,%A&U$gn=7L,Gene Therapy,not used,-
r.a.v.e.nred.s.ta.in@gmail.com,%A&U$gn=7L,Reggie Stration,not used,-
r.a.v.e.nred.s.ta.i.n@gmail.com,%A&U$gn=7L,Lou Ow,not used,-
r.a.v.e.nred.s.tai.n@gmail.com,%A&U$gn=7L,Lance Dorporal,not used,-
r.a.v.e.nred.st.ain@gmail.com,%A&U$gn=7L,Lou Tenant,not used,-
r.a.v.e.nred.st.a.in@gmail.com,%A&U$gn=7L,Nick Knack,not used,-
r.a.v.e.nred.st.a.i.n@gmail.com,%A&U$gn=7L,Patty Whack,not used,-
r.a.v.e.nred.st.ai.n@gmail.com,%A&U$gn=7L,Reuben Sandwich,not used,-
r.a.v.e.nred.sta.in@gmail.com,%A&U$gn=7L,Hugo Slavia,not used,-
r.a.v.e.nred.sta.i.n@gmail.com,%A&U$gn=7L,Aaron Spacemuseum,not used,-
r.a.v.e.nred.stai.n@gmail.com,%A&U$gn=7L,Petey Atricks,not used,-
r.a.v.e.nreds.tain@gmail.com,%A&U$gn=7L,Dan Delion,not used,-
r.a.v.e.nreds.t.ain@gmail.com,%A&U$gn=7L,Terry Torial,not used,-
r.a.v.e.nreds.t.a.in@gmail.com,%A&U$gn=7L,Cal QLater,not used,-
r.a.v.e.nreds.t.a.i.n@gmail.com,%A&U$gn=7L,Jen Trification,not used,-
r.a.v.e.nreds.t.ai.n@gmail.com,%A&U$gn=7L,Indy Nile,not used,-
r.a.v.e.nreds.ta.in@gmail.com,%A&U$gn=7L,Ray Volver,not used,-
r.a.v.e.nreds.ta.i.n@gmail.com,%A&U$gn=7L,Minnie Strone,not used,-
r.a.v.e.nreds.tai.n@gmail.com,%A&U$gn=7L,Gustav Wind,not used,-
r.a.v.e.nredst.ain@gmail.com,%A&U$gn=7L,Patrice Blaise,not used,-
r.a.v.e.nredst.a.in@gmail.com,%A&U$gn=7L,Ossie Adkisson,not used,-
r.a.v.e.nredst.a.i.n@gmail.com,%A&U$gn=7L,Vashti Decker,not used,-
r.a.v.e.nredst.ai.n@gmail.com,%A&U$gn=7L,Maricela Getty,not used,-
r.a.v.e.nredsta.in@gmail.com,%A&U$gn=7L,Grazyna Tedesco,not used,-
r.a.v.e.nredsta.i.n@gmail.com,%A&U$gn=7L,Cordia Faler,not used,-
r.a.v.e.nredstai.n@gmail.com,%A&U$gn=7L,Monroe Bengston,not used,-
r.a.v.en.redstain@gmail.com,%A&U$gn=7L,Raylene Lindner,not used,-
r.a.v.en.r.edstain@gmail.com,%A&U$gn=7L,Vi Rio,not used,-
r.a.v.en.r.e.dstain@gmail.com,%A&U$gn=7L,Winifred Manus,not used,-
r.a.v.en.r.e.d.stain@gmail.com,%A&U$gn=7L,Bernard Eifert,not used,-
r.a.v.en.r.e.d.s.tain@gmail.com,%A&U$gn=7L,Tawanna Avant,not used,-
r.a.v.en.r.e.d.s.t.ain@gmail.com,%A&U$gn=7L,Tatiana Morain,not used,-
r.a.v.en.r.e.d.s.t.a.in@gmail.com,%A&U$gn=7L,Cheree Wheelock,not used,-
r.a.v.en.r.e.d.s.t.a.i.n@gmail.com,%A&U$gn=7L,Wei Lambrecht,not used,-
r.a.v.en.r.e.d.s.t.ai.n@gmail.com,%A&U$gn=7L,Josh Radovich,not used,-
r.a.v.en.r.e.d.s.ta.in@gmail.com,%A&U$gn=7L,Matilda Ouimet,not used,-
r.a.v.en.r.e.d.s.ta.i.n@gmail.com,%A&U$gn=7L,Debi Bessette,not used,-
r.a.v.en.r.e.d.s.tai.n@gmail.com,%A&U$gn=7L,Leonor Hakim,not used,-
r.a.v.en.r.e.d.st.ain@gmail.com,%A&U$gn=7L,Danielle Engebretson,not used,-
r.a.v.en.r.e.d.st.a.in@gmail.com,%A&U$gn=7L,Nicholle Hux,not used,-
r.a.v.en.r.e.d.st.a.i.n@gmail.com,%A&U$gn=7L,Temeka Rusnak,not used,-
r.a.v.en.r.e.d.st.ai.n@gmail.com,%A&U$gn=7L,Karoline Ritz,not used,-
r.a.v.en.r.e.d.sta.in@gmail.com,%A&U$gn=7L,Syreeta Singleterry,not used,-
r.a.v.en.r.e.d.sta.i.n@gmail.com,%A&U$gn=7L,Markita Schwindt,not used,-
r.a.v.en.r.e.d.stai.n@gmail.com,%A&U$gn=7L,Kathy Loewen,not used,-
r.a.v.en.r.e.ds.tain@gmail.com,%A&U$gn=7L,Verna Barrentine,not used,-
r.a.v.en.r.e.ds.t.ain@gmail.com,%A&U$gn=7L,Jacquie Mcfate,not used,-
r.a.v.en.r.e.ds.t.a.in@gmail.com,%A&U$gn=7L,Samantha Dossantos,not used,-
r.a.v.en.r.e.ds.t.a.i.n@gmail.com,%A&U$gn=7L,Judy Desoto,not used,-
r.a.v.en.r.e.ds.t.ai.n@gmail.com,%A&U$gn=7L,Rochelle Sommerville,not used,-
r.a.v.en.r.e.ds.ta.in@gmail.com,%A&U$gn=7L,Stewart Seguin,not used,-
r.a.v.en.r.e.ds.ta.i.n@gmail.com,%A&U$gn=7L,Jann Wittrock,not used,-
r.a.v.en.r.e.ds.tai.n@gmail.com,%A&U$gn=7L,Trinidad Mcree,not used,-
r.a.v.en.r.e.dst.ain@gmail.com,%A&U$gn=7L,Summer Batey,not used,-
r.a.v.en.r.e.dst.a.in@gmail.com,%A&U$gn=7L,Velia Baggs,not used,-
r.a.v.en.r.e.dst.a.i.n@gmail.com,%A&U$gn=7L,Flor Petteway,not used,-
r.a.v.en.r.e.dst.ai.n@gmail.com,%A&U$gn=7L,Cindy Hilden,not used,-
r.a.v.en.r.e.dsta.in@gmail.com,%A&U$gn=7L,Tai Brott,not used,-
r.a.v.en.r.e.dsta.i.n@gmail.com,%A&U$gn=7L,Aubrey Panther,not used,-
r.a.v.en.r.e.dstai.n@gmail.com,%A&U$gn=7L,Sadye Mager,not used,-
r.a.v.en.r.ed.stain@gmail.com,%A&U$gn=7L,Brian Costanzo,not used,-
r.a.v.en.r.ed.s.tain@gmail.com,%A&U$gn=7L,Thanh Fredricks,not used,-
r.a.v.en.r.ed.s.t.ain@gmail.com,%A&U$gn=7L,Mozella Marasco,not used,-
r.a.v.en.r.ed.s.t.a.in@gmail.com,%A&U$gn=7L,Elvis Chasteen,not used,-
r.a.v.en.r.ed.s.t.a.i.n@gmail.com,%A&U$gn=7L,Marylynn Wimberley,not used,-
r.a.v.en.r.ed.s.t.ai.n@gmail.com,%A&U$gn=7L,Ivonne Boardman,not used,-
r.a.v.en.r.ed.s.ta.in@gmail.com,%A&U$gn=7L,Gayle Muirhead,not used,-
r.a.v.en.r.ed.s.ta.i.n@gmail.com,%A&U$gn=7L,Arlette Counce,not used,-
r.a.v.en.r.ed.s.tai.n@gmail.com,%A&U$gn=7L,Lynne Arechiga,not used,-
r.a.v.en.r.ed.st.ain@gmail.com,%A&U$gn=7L,Kyla Staton,not used,-
r.a.v.en.r.ed.st.a.in@gmail.com,%A&U$gn=7L,Lizzie Tworek,not used,-
r.a.v.en.r.ed.st.a.i.n@gmail.com,%A&U$gn=7L,Margene Servantes,not used,-
r.a.v.en.r.ed.st.ai.n@gmail.com,%A&U$gn=7L,Tona Dimmick,not used,-
r.a.v.en.r.ed.sta.in@gmail.com,%A&U$gn=7L,Rossana Rayes,not used,-
r.a.v.en.r.ed.sta.i.n@gmail.com,%A&U$gn=7L,Grazyna Poisson,not used,-
r.a.v.en.r.ed.stai.n@gmail.com,%A&U$gn=7L,Geneva Giannini,not used,-
r.a.v.en.r.eds.tain@gmail.com,%A&U$gn=7L,Jerrold Hubbell,not used,-
r.a.v.en.r.eds.t.ain@gmail.com,%A&U$gn=7L,Lizeth Drayton,not used,-
r.a.v.en.r.eds.t.a.in@gmail.com,%A&U$gn=7L,Anjanette Farrar,not used,-
r.a.v.en.r.eds.t.a.i.n@gmail.com,%A&U$gn=7L,Nickie Vanostrand,not used,-
r.a.v.en.r.eds.t.ai.n@gmail.com,%A&U$gn=7L,Nannette Criss,not used,-
r.a.v.en.r.eds.ta.in@gmail.com,%A&U$gn=7L,Verla Heckathorn,not used,-
r.a.v.en.r.eds.ta.i.n@gmail.com,%A&U$gn=7L,Terrell Volk,not used,-
r.a.v.en.r.eds.tai.n@gmail.com,%A&U$gn=7L,Wan Halliburton,not used,-
r.a.v.en.r.edst.ain@gmail.com,%A&U$gn=7L,Lynell Makris,not used,-
r.a.v.en.r.edst.a.in@gmail.com,%A&U$gn=7L,Betty Uren,not used,-
r.a.v.en.r.edst.a.i.n@gmail.com,%A&U$gn=7L,Gertrud Steiner,not used,-
r.a.v.en.r.edst.ai.n@gmail.com,%A&U$gn=7L,Forest Umana,not used,-
r.a.v.en.r.edsta.in@gmail.com,%A&U$gn=7L,Rheba Hudgens,not used,-
r.a.v.en.r.edsta.i.n@gmail.com,%A&U$gn=7L,Felix Kriger,not used,-
r.a.v.en.r.edstai.n@gmail.com,%A&U$gn=7L,Gennie Knighten,not used,-
r.a.v.en.re.dstain@gmail.com,%A&U$gn=7L,Mckenzie Tanner,not used,-
r.a.v.en.re.d.stain@gmail.com,%A&U$gn=7L,Lucille Tisdale,not used,-
r.a.v.en.re.d.s.tain@gmail.com,%A&U$gn=7L,Natividad Worcester,not used,-
r.a.v.en.re.d.s.t.ain@gmail.com,%A&U$gn=7L,Jasmine Roper,not used,-
r.a.v.en.re.d.s.t.a.in@gmail.com,%A&U$gn=7L,Emmitt Draeger,not used,-
r.a.v.en.re.d.s.t.a.i.n@gmail.com,%A&U$gn=7L,Danita Weatherholtz,not used,-
r.a.v.en.re.d.s.t.ai.n@gmail.com,%A&U$gn=7L,Romona Stalder,not used,-
r.a.v.en.re.d.s.ta.in@gmail.com,%A&U$gn=7L,Miguel Stonge,not used,-
r.a.v.en.re.d.s.ta.i.n@gmail.com,%A&U$gn=7L,Margherita Jaime,not used,-
r.a.v.en.re.d.s.tai.n@gmail.com,%A&U$gn=7L,Rachele Fritsche,not used,-
r.a.v.en.re.d.st.ain@gmail.com,%A&U$gn=7L,Meagan Sydow,not used,-
r.a.v.en.re.d.st.a.in@gmail.com,%A&U$gn=7L,Nubia Kelty,not used,-
r.a.v.en.re.d.st.a.i.n@gmail.com,%A&U$gn=7L,Jack Garn,not used,-
r.a.v.en.re.d.st.ai.n@gmail.com,%A&U$gn=7L,Starr Millar,not used,-
r.a.v.en.re.d.sta.in@gmail.com,%A&U$gn=7L,Donita Treadwell,not used,-
r.a.v.en.re.d.sta.i.n@gmail.com,%A&U$gn=7L,Lanita Kinne,not used,-
r.a.v.en.re.d.stai.n@gmail.com,%A&U$gn=7L,Elise Pompa,not used,-
r.a.v.en.re.ds.tain@gmail.com,%A&U$gn=7L,Robyn Lillie,not used,-
r.a.v.en.re.ds.t.ain@gmail.com,%A&U$gn=7L,Shonna Hamon,not used,-
r.a.v.en.re.ds.t.a.in@gmail.com,%A&U$gn=7L,Meryl Haskin,not used,-
r.a.v.en.re.ds.t.a.i.n@gmail.com,%A&U$gn=7L,Daniell Luhman,not used,-
r.a.v.en.re.ds.t.ai.n@gmail.com,%A&U$gn=7L,Rosette Leaton,not used,-
r.a.v.en.re.ds.ta.in@gmail.com,%A&U$gn=7L,Linnie Douthitt,not used,-
r.a.v.en.re.ds.ta.i.n@gmail.com,%A&U$gn=7L,Lyndon Hager,not used,-
r.a.v.en.re.ds.tai.n@gmail.com,%A&U$gn=7L,Shakita Courtemanche,not used,-
r.a.v.en.re.dst.ain@gmail.com,%A&U$gn=7L,Demarcus Harps,not used,-
r.a.v.en.re.dst.a.in@gmail.com,%A&U$gn=7L,Patsy Abele,not used,-
r.a.v.en.re.dst.a.i.n@gmail.com,%A&U$gn=7L,Mina Spiker,not used,-
r.a.v.en.re.dst.ai.n@gmail.com,%A&U$gn=7L,Carrie RPigeon,not used,-
r.a.v.en.re.dsta.in@gmail.com,%A&U$gn=7L,Rachel Slurs,not used,-
r.a.v.en.re.dsta.i.n@gmail.com,%A&U$gn=7L,Ty Pryder,not used,-
r.a.v.en.re.dstai.n@gmail.com,%A&U$gn=7L,Cole Slaw,not used,-
r.a.v.en.red.stain@gmail.com,%A&U$gn=7L,Pat Ernity,not used,-
r.a.v.en.red.s.tain@gmail.com,%A&U$gn=7L,Deb Utant,not used,-
r.a.v.en.red.s.t.ain@gmail.com,%A&U$gn=7L,Luke Warm,not used,-
r.a.v.en.red.s.t.a.in@gmail.com,%A&U$gn=7L,Travis Tee,not used,-
r.a.v.en.red.s.t.a.i.n@gmail.com,%A&U$gn=7L,Clara Fication,not used,-
r.a.v.en.red.s.t.ai.n@gmail.com,%A&U$gn=7L,Paul Itician,not used,-
r.a.v.en.red.s.ta.in@gmail.com,%A&U$gn=7L,Deb Utant,not used,-
r.a.v.en.red.s.ta.i.n@gmail.com,%A&U$gn=7L,Moe Thegrass,not used,-
r.a.v.en.red.s.tai.n@gmail.com,%A&U$gn=7L,Carol Sell,not used,-
r.a.v.en.red.st.ain@gmail.com,%A&U$gn=7L,Scott Schtape,not used,-
r.a.v.en.red.st.a.in@gmail.com,%A&U$gn=7L,Cody Pendant,not used,-
r.a.v.en.red.st.a.i.n@gmail.com,%A&U$gn=7L,Frank Furter,not used,-
r.a.v.en.red.st.ai.n@gmail.com,%A&U$gn=7L,Barry Dalive,not used,-
r.a.v.en.red.sta.in@gmail.com,%A&U$gn=7L,Mort Adella,not used,-
r.a.v.en.red.sta.i.n@gmail.com,%A&U$gn=7L,Ray Diation,not used,-
r.a.v.en.red.stai.n@gmail.com,%A&U$gn=7L,Mack Adamia,not used,-
r.a.v.en.reds.tain@gmail.com,%A&U$gn=7L,Farrah Moan,not used,-
r.a.v.en.reds.t.ain@gmail.com,%A&U$gn=7L,Theo Retical,not used,-
r.a.v.en.reds.t.a.in@gmail.com,%A&U$gn=7L,Eda Torial,not used,-
r.a.v.en.reds.t.a.i.n@gmail.com,%A&U$gn=7L,Mae ONayse,not used,-
r.a.v.en.reds.t.ai.n@gmail.com,%A&U$gn=7L,Bella Ruse,not used,-
r.a.v.en.reds.ta.in@gmail.com,%A&U$gn=7L,Yuri thra,not used,-
r.a.v.en.reds.ta.i.n@gmail.com,%A&U$gn=7L,Tucker Doubt,not used,-
r.a.v.en.reds.tai.n@gmail.com,%A&U$gn=7L,Cara Larm,not used,-
r.a.v.en.redst.ain@gmail.com,%A&U$gn=7L,Abel Body,not used,-
r.a.v.en.redst.a.in@gmail.com,%A&U$gn=7L,Sal Ami,not used,-
r.a.v.en.redst.a.i.n@gmail.com,%A&U$gn=7L,Colin Derr,not used,-
r.a.v.en.redst.ai.n@gmail.com,%A&U$gn=7L,Cathy Derr,not used,-
r.a.v.en.redsta.in@gmail.com,%A&U$gn=7L,Colin OScopy,not used,-
r.a.v.en.redsta.i.n@gmail.com,%A&U$gn=7L,Mel Anoma,not used,-
r.a.v.en.redstai.n@gmail.com,%A&U$gn=7L,Adam Up,not used,-
r.a.v.enr.edstain@gmail.com,%A&U$gn=7L,Lou Zing,not used,-
r.a.v.enr.e.dstain@gmail.com,%A&U$gn=7L,Mark Key,not used,-
r.a.v.enr.e.d.stain@gmail.com,%A&U$gn=7L,Sven Gineer,not used,-
r.a.v.enr.e.d.s.tain@gmail.com,%A&U$gn=7L,Mick Rib,not used,-
r.a.v.enr.e.d.s.t.ain@gmail.com,%A&U$gn=7L,Benny Ficial,not used,-
r.a.v.enr.e.d.s.t.a.in@gmail.com,%A&U$gn=7L,Genie Inabottle,not used,-
r.a.v.enr.e.d.s.t.a.i.n@gmail.com,%A&U$gn=7L,Gene Therapy,not used,-
r.a.v.enr.e.d.s.t.ai.n@gmail.com,%A&U$gn=7L,Reggie Stration,not used,-
r.a.v.enr.e.d.s.ta.in@gmail.com,%A&U$gn=7L,Lou Ow,not used,-
r.a.v.enr.e.d.s.ta.i.n@gmail.com,%A&U$gn=7L,Lance Dorporal,not used,-
r.a.v.enr.e.d.s.tai.n@gmail.com,%A&U$gn=7L,Lou Tenant,not used,-
r.a.v.enr.e.d.st.ain@gmail.com,%A&U$gn=7L,Nick Knack,not used,-
r.a.v.enr.e.d.st.a.in@gmail.com,%A&U$gn=7L,Patty Whack,not used,-
r.a.v.enr.e.d.st.a.i.n@gmail.com,%A&U$gn=7L,Reuben Sandwich,not used,-
r.a.v.enr.e.d.st.ai.n@gmail.com,%A&U$gn=7L,Hugo Slavia,not used,-
r.a.v.enr.e.d.sta.in@gmail.com,%A&U$gn=7L,Aaron Spacemuseum,not used,-
r.a.v.enr.e.d.sta.i.n@gmail.com,%A&U$gn=7L,Petey Atricks,not used,-
r.a.v.enr.e.d.stai.n@gmail.com,%A&U$gn=7L,Dan Delion,not used,-
r.a.v.enr.e.ds.tain@gmail.com,%A&U$gn=7L,Terry Torial,not used,-
r.a.v.enr.e.ds.t.ain@gmail.com,%A&U$gn=7L,Cal QLater,not used,-
r.a.v.enr.e.ds.t.a.in@gmail.com,%A&U$gn=7L,Jen Trification,not used,-
r.a.v.enr.e.ds.t.a.i.n@gmail.com,%A&U$gn=7L,Indy Nile,not used,-
r.a.v.enr.e.ds.t.ai.n@gmail.com,%A&U$gn=7L,Ray Volver,not used,-
r.a.v.enr.e.ds.ta.in@gmail.com,%A&U$gn=7L,Minnie Strone,not used,-
r.a.v.enr.e.ds.ta.i.n@gmail.com,%A&U$gn=7L,Gustav Wind,not used,-
r.a.v.enr.e.ds.tai.n@gmail.com,%A&U$gn=7L,Patrice Blaise,not used,-
r.a.v.enr.e.dst.ain@gmail.com,%A&U$gn=7L,Ossie Adkisson,not used,-
r.a.v.enr.e.dst.a.in@gmail.com,%A&U$gn=7L,Vashti Decker,not used,-
r.a.v.enr.e.dst.a.i.n@gmail.com,%A&U$gn=7L,Maricela Getty,not used,-
r.a.v.enr.e.dst.ai.n@gmail.com,%A&U$gn=7L,Grazyna Tedesco,not used,-
r.a.v.enr.e.dsta.in@gmail.com,%A&U$gn=7L,Cordia Faler,not used,-
r.a.v.enr.e.dsta.i.n@gmail.com,%A&U$gn=7L,Monroe Bengston,not used,-
r.a.v.enr.e.dstai.n@gmail.com,%A&U$gn=7L,Raylene Lindner,not used,-
r.a.v.enr.ed.stain@gmail.com,%A&U$gn=7L,Vi Rio,not used,-
r.a.v.enr.ed.s.tain@gmail.com,%A&U$gn=7L,Winifred Manus,not used,-
r.a.v.enr.ed.s.t.ain@gmail.com,%A&U$gn=7L,Bernard Eifert,not used,-
r.a.v.enr.ed.s.t.a.in@gmail.com,%A&U$gn=7L,Tawanna Avant,not used,-
r.a.v.enr.ed.s.t.a.i.n@gmail.com,%A&U$gn=7L,Tatiana Morain,not used,-
r.a.v.enr.ed.s.t.ai.n@gmail.com,%A&U$gn=7L,Cheree Wheelock,not used,-
r.a.v.enr.ed.s.ta.in@gmail.com,%A&U$gn=7L,Wei Lambrecht,not used,-
r.a.v.enr.ed.s.ta.i.n@gmail.com,%A&U$gn=7L,Josh Radovich,not used,-
r.a.v.enr.ed.s.tai.n@gmail.com,%A&U$gn=7L,Matilda Ouimet,not used,-
r.a.v.enr.ed.st.ain@gmail.com,%A&U$gn=7L,Debi Bessette,not used,-
r.a.v.enr.ed.st.a.in@gmail.com,%A&U$gn=7L,Leonor Hakim,not used,-
r.a.v.enr.ed.st.a.i.n@gmail.com,%A&U$gn=7L,Danielle Engebretson,not used,-
r.a.v.enr.ed.st.ai.n@gmail.com,%A&U$gn=7L,Nicholle Hux,not used,-
r.a.v.enr.ed.sta.in@gmail.com,%A&U$gn=7L,Temeka Rusnak,not used,-
r.a.v.enr.ed.sta.i.n@gmail.com,%A&U$gn=7L,Karoline Ritz,not used,-
r.a.v.enr.ed.stai.n@gmail.com,%A&U$gn=7L,Syreeta Singleterry,not used,-
r.a.v.enr.eds.tain@gmail.com,%A&U$gn=7L,Markita Schwindt,not used,-
r.a.v.enr.eds.t.ain@gmail.com,%A&U$gn=7L,Kathy Loewen,not used,-
r.a.v.enr.eds.t.a.in@gmail.com,%A&U$gn=7L,Verna Barrentine,not used,-
r.a.v.enr.eds.t.a.i.n@gmail.com,%A&U$gn=7L,Jacquie Mcfate,not used,-
r.a.v.enr.eds.t.ai.n@gmail.com,%A&U$gn=7L,Samantha Dossantos,not used,-
r.a.v.enr.eds.ta.in@gmail.com,%A&U$gn=7L,Judy Desoto,not used,-
r.a.v.enr.eds.ta.i.n@gmail.com,%A&U$gn=7L,Rochelle Sommerville,not used,-
r.a.v.enr.eds.tai.n@gmail.com,%A&U$gn=7L,Stewart Seguin,not used,-
r.a.v.enr.edst.ain@gmail.com,%A&U$gn=7L,Jann Wittrock,not used,-
r.a.v.enr.edst.a.in@gmail.com,%A&U$gn=7L,Trinidad Mcree,not used,-
r.a.v.enr.edst.a.i.n@gmail.com,%A&U$gn=7L,Summer Batey,not used,-
r.a.v.enr.edst.ai.n@gmail.com,%A&U$gn=7L,Velia Baggs,not used,-
r.a.v.enr.edsta.in@gmail.com,%A&U$gn=7L,Flor Petteway,not used,-
r.a.v.enr.edsta.i.n@gmail.com,%A&U$gn=7L,Cindy Hilden,not used,-
r.a.v.enr.edstai.n@gmail.com,%A&U$gn=7L,Tai Brott,not used,-
r.a.v.enre.dstain@gmail.com,%A&U$gn=7L,Aubrey Panther,not used,-
r.a.v.enre.d.stain@gmail.com,%A&U$gn=7L,Sadye Mager,not used,-
r.a.v.enre.d.s.tain@gmail.com,%A&U$gn=7L,Brian Costanzo,not used,-
r.a.v.enre.d.s.t.ain@gmail.com,%A&U$gn=7L,Thanh Fredricks,not used,-
r.a.v.enre.d.s.t.a.in@gmail.com,%A&U$gn=7L,Mozella Marasco,not used,-
r.a.v.enre.d.s.t.a.i.n@gmail.com,%A&U$gn=7L,Elvis Chasteen,not used,-
r.a.v.enre.d.s.t.ai.n@gmail.com,%A&U$gn=7L,Marylynn Wimberley,not used,-
r.a.v.enre.d.s.ta.in@gmail.com,%A&U$gn=7L,Ivonne Boardman,not used,-
r.a.v.enre.d.s.ta.i.n@gmail.com,%A&U$gn=7L,Gayle Muirhead,not used,-
r.a.v.enre.d.s.tai.n@gmail.com,%A&U$gn=7L,Arlette Counce,not used,-
r.a.v.enre.d.st.ain@gmail.com,%A&U$gn=7L,Lynne Arechiga,not used,-
r.a.v.enre.d.st.a.in@gmail.com,%A&U$gn=7L,Kyla Staton,not used,-
r.a.v.enre.d.st.a.i.n@gmail.com,%A&U$gn=7L,Lizzie Tworek,not used,-
r.a.v.enre.d.st.ai.n@gmail.com,%A&U$gn=7L,Margene Servantes,not used,-
r.a.v.enre.d.sta.in@gmail.com,%A&U$gn=7L,Tona Dimmick,not used,-
r.a.v.enre.d.sta.i.n@gmail.com,%A&U$gn=7L,Rossana Rayes,not used,-
r.a.v.enre.d.stai.n@gmail.com,%A&U$gn=7L,Grazyna Poisson,not used,-
r.a.v.enre.ds.tain@gmail.com,%A&U$gn=7L,Geneva Giannini,not used,-
r.a.v.enre.ds.t.ain@gmail.com,%A&U$gn=7L,Jerrold Hubbell,not used,-
r.a.v.enre.ds.t.a.in@gmail.com,%A&U$gn=7L,Lizeth Drayton,not used,-
r.a.v.enre.ds.t.a.i.n@gmail.com,%A&U$gn=7L,Anjanette Farrar,not used,-
r.a.v.enre.ds.t.ai.n@gmail.com,%A&U$gn=7L,Nickie Vanostrand,not used,-
r.a.v.enre.ds.ta.in@gmail.com,%A&U$gn=7L,Nannette Criss,not used,-
r.a.v.enre.ds.ta.i.n@gmail.com,%A&U$gn=7L,Verla Heckathorn,not used,-
r.a.v.enre.ds.tai.n@gmail.com,%A&U$gn=7L,Terrell Volk,not used,-
r.a.v.enre.dst.ain@gmail.com,%A&U$gn=7L,Wan Halliburton,not used,-
r.a.v.enre.dst.a.in@gmail.com,%A&U$gn=7L,Lynell Makris,not used,-
r.a.v.enre.dst.a.i.n@gmail.com,%A&U$gn=7L,Betty Uren,not used,-
r.a.v.enre.dst.ai.n@gmail.com,%A&U$gn=7L,Gertrud Steiner,not used,-
r.a.v.enre.dsta.in@gmail.com,%A&U$gn=7L,Forest Umana,not used,-
r.a.v.enre.dsta.i.n@gmail.com,%A&U$gn=7L,Rheba Hudgens,not used,-
r.a.v.enre.dstai.n@gmail.com,%A&U$gn=7L,Felix Kriger,not used,-
r.a.v.enred.stain@gmail.com,%A&U$gn=7L,Gennie Knighten,not used,-
r.a.v.enred.s.tain@gmail.com,%A&U$gn=7L,Mckenzie Tanner,not used,-
r.a.v.enred.s.t.ain@gmail.com,%A&U$gn=7L,Lucille Tisdale,not used,-
r.a.v.enred.s.t.a.in@gmail.com,%A&U$gn=7L,Natividad Worcester,not used,-
r.a.v.enred.s.t.a.i.n@gmail.com,%A&U$gn=7L,Jasmine Roper,not used,-
r.a.v.enred.s.t.ai.n@gmail.com,%A&U$gn=7L,Emmitt Draeger,not used,-
r.a.v.enred.s.ta.in@gmail.com,%A&U$gn=7L,Danita Weatherholtz,not used,-
r.a.v.enred.s.ta.i.n@gmail.com,%A&U$gn=7L,Romona Stalder,not used,-
r.a.v.enred.s.tai.n@gmail.com,%A&U$gn=7L,Miguel Stonge,not used,-
r.a.v.enred.st.ain@gmail.com,%A&U$gn=7L,Margherita Jaime,not used,-
r.a.v.enred.st.a.in@gmail.com,%A&U$gn=7L,Rachele Fritsche,not used,-
r.a.v.enred.st.a.i.n@gmail.com,%A&U$gn=7L,Meagan Sydow,not used,-
r.a.v.enred.st.ai.n@gmail.com,%A&U$gn=7L,Nubia Kelty,not used,-
r.a.v.enred.sta.in@gmail.com,%A&U$gn=7L,Jack Garn,not used,-
r.a.v.enred.sta.i.n@gmail.com,%A&U$gn=7L,Starr Millar,not used,-
r.a.v.enred.stai.n@gmail.com,%A&U$gn=7L,Donita Treadwell,not used,-
r.a.v.enreds.tain@gmail.com,%A&U$gn=7L,Lanita Kinne,not used,-
r.a.v.enreds.t.ain@gmail.com,%A&U$gn=7L,Elise Pompa,not used,-
r.a.v.enreds.t.a.in@gmail.com,%A&U$gn=7L,Robyn Lillie,not used,-
r.a.v.enreds.t.a.i.n@gmail.com,%A&U$gn=7L,Shonna Hamon,not used,-
r.a.v.enreds.t.ai.n@gmail.com,%A&U$gn=7L,Meryl Haskin,not used,-
r.a.v.enreds.ta.in@gmail.com,%A&U$gn=7L,Daniell Luhman,not used,-
r.a.v.enreds.ta.i.n@gmail.com,%A&U$gn=7L,Rosette Leaton,not used,-
r.a.v.enreds.tai.n@gmail.com,%A&U$gn=7L,Linnie Douthitt,not used,-
r.a.v.enredst.ain@gmail.com,%A&U$gn=7L,Lyndon Hager,not used,-
